term,estimate,std.error,statistic,p.value
Post19::1:Treated,-2.1864196261021456,0.34322973313077165,-6.370134679646511,0.007830285430243396
